Protein;PDB_Mut;Mut_seq;DDG_checked_dir
1A0FA;S11A;S11A;-1.8
1A7VA;A104H;A104H;-2.69
1A7VA;A66H;A66H;-1.98
1A7VA;A91H;A91H;-1.7
1A7VA;D3H;D3H;-1.36
1A7VA;D58H;D58H;-2.05
1A7VA;E73H;E73H;-3.01
1A7VA;K13H;K13H;-0.6
1A7VA;K20H;K20H;-2.88
1A7VA;K31H;K31H;-1.36
1A7VA;K39H;K39H;-1.86
1A7VA;K49H;K49H;-2.02
1A7VA;K84H;K84H;-2.88
1A7VA;K97H;K97H;-1.97
1BA3A;H461D;H457D;-1.745
1BA3A;H489D;H485D;0.287
1BA3A;H489K;H485K;-0.287
1BA3A;H489M;H485M;-0.263
1BFMA;M35W;M35W;-0.7
1BFMA;M35Y;M35Y;-0.4
1BNLA;D76A;D76A;-0.821
1D5GA;H71Y;H71Y;-0.04
1D5GA;I20F;I20F;0.91
1DIVA;D23A;D23A;-0.46
1DIVA;D23N;D23N;-0.58
1DIVA;D8N;D8N;-0.3
1DIVA;E100A;E100A;-0.98
1DIVA;E100G;E100G;-1.52
1DIVA;E17Q;E17Q;-0.21
1DIVA;E38Q;E38Q;-0.56
1DIVA;E48Q;E48Q;0.03
1DIVA;E54Q;E54Q;0.33
1DIVA;H106Q;H106Q;-1.53
1DIVA;H134Q;H134Q;-0.34
1DIVA;H144Q;H144Q;-0.56
1DIVA;I115A;I115A;-3.52
1DIVA;I121A;I121A;-2.88
1DIVA;I4A;I4A;-2.22
1DIVA;I4V;I4V;-0.59
1DIVA;I79A;I79A;-3.49
1DIVA;I93A;I93A;-3.19
1DIVA;I98A;I98A;-4.28
1DIVA;K10M;K10M;0.05
1DIVA;K14M;K14M;0.01
1DIVA;K15M;K15M;-0.31
1DIVA;K7M;K7M;0.35
1DIVA;K96A;K96A;0.61
1DIVA;K96G;K96G;-0.2
1DIVA;L102A;L102A;-2.37
1DIVA;L108A;L108A;-2.33
1DIVA;L110A;L110A;-3.21
1DIVA;L117A;L117A;-0.82
1DIVA;L133A;L133A;-2.94
1DIVA;L141A;L141A;-3.56
1DIVA;L30A;L30A;-2.76
1DIVA;L30V;L30V;-3.62
1DIVA;L6A;L6A;-3.1
1DIVA;L6I;L6I;-0.13
1DIVA;L6V;L6V;-0.41
1DIVA;L72A;L72A;-3.77
1DIVA;M1A;M1A;-1.46
1DIVA;M1G;M1G;-2.36
1DIVA;V129A;V129A;-1.81
1DIVA;V131A;V131A;-1.93
1DIVA;V137A;V137A;-2.41
1DIVA;V143A;V143A;-3.25
1DIVA;V145A;V145A;-1.92
1DIVA;V21A;V21A;-2.33
1DIVA;V21I;V21I;-0.4
1DIVA;V21L;V21L;-1.23
1DIVA;V3A;V3A;-2.55
1DIVA;V3I;V3I;-0.31
1DIVA;V3L;V3L;-2.21
1DXXA;K18N;K10N;-3.7
1EKGA;L198C;L109C;-1
1EKGA;L200C;L111C;-2
1EKGA;L203C;L114C;1
1EKGA;S181F;S92F;-2.6
1F8IA;F345A;F345A;-0.455
1FH5H;S18N;S15N;0.6
1FRDA;H42R;H42R;4
1FT8A;I264V;I144V;-0.64
1FT8A;L212V;L92V;-1.38
1FT8A;L238I;L118I;-0.35
1FT8A;L267I;L147I;-0.11
1FT8A;L293I;L173I;-0.8
1FT8A;L293V;L173V;-1.41
1FT8A;L315A;L195A;-1.65
1FT8A;L317I;L197I;-0.85
1FT8A;L348I;L228I;-0.53
1FT8A;L349I;L229I;0.05
1FT8A;M216L;M96L;0.27
1FT8A;S339A;S219A;0.32
1FT8A;V287A;V167A;-0.16
1FXAA;E94D;E94D;-1.1
1FXAA;E94K;E94K;-0.4
1FXAA;E94Q;E94Q;0.6
1FXAA;E95K;E95K;1
1FXAA;F65A;F65A;-1
1FXAA;F65I;F65I;-0.9
1FXAA;F65W;F65W;-0.6
1FXAA;F65Y;F65Y;-0.5
1FXAA;R42A;R42A;-2.4
1FXAA;R42H;R42H;-1.4
1FXAA;T48A;T48A;0.1
1G3PA;A147K;A122K;-0.287
1G3PA;D160A;D135A;-0.263
1G3PA;D160C;D135C;-0.096
1G3PA;D160E;D135E;-0.359
1G3PA;D160F;D135F;-0.359
1G3PA;D160G;D135G;-0.669
1G3PA;D160H;D135H;0.048
1G3PA;D160I;D135I;-0.932
1G3PA;D160K;D135K;-0.335
1G3PA;D160L;D135L;-0.55
1G3PA;D160M;D135M;-0.502
1G3PA;D160N;D135N;0.072
1G3PA;D160P;D135P;-0.645
1G3PA;D160Q;D135Q;-0.478
1G3PA;D160R;D135R;-0.669
1G3PA;D160S;D135S;-0.287
1G3PA;D160T;D135T;-0.741
1G3PA;D160V;D135V;-1.123
1G3PA;D160W;D135W;-0.167
1G3PA;D160Y;D135Y;-0.072
1G3PA;F136V;F111V;-3.705
1G3PA;N138G;N113G;0.765
1G3PA;N139K;N114K;-0.43
1G3PA;N139V;N114V;-2.032
1G3PA;Q137N;Q112N;-1.793
1G3PA;Q145N;Q120N;0.263
1G3PA;R144V;R119V;0.765
1GLUA;C500A;C67A;-1.22
1GUAB;A118G;A63G;-1.963
1GUAB;A118L;A63L;-1.951
1GUAB;A85G;A30G;-2.149
1GUAB;A97G;A42G;-0.863
1GUAB;C81A;C26A;0.283
1GUAB;C81I;C26I;-0.912
1GUAB;C95A;C40A;-0.08
1GUAB;C96A;C41A;-1.759
1GUAB;C96L;C41L;-0.043
1GUAB;C96M;C41M;-0.337
1GUAB;D117A;D62A;-0.706
1GUAB;D129A;D74A;-0.855
1GUAB;D80A;D25A;-0.493
1GUAB;E104A;E49A;0.021
1GUAB;E124A;E69A;-0.101
1GUAB;E125A;E70A;-0.591
1GUAB;I58A;I3A;-3.274
1GUAB;I58F;I3F;-1.299
1GUAB;I58L;I3L;-0.771
1GUAB;K109A;K54A;-0.327
1GUAB;L112A;L57A;-2.593
1GUAB;L121A;L66A;-2.534
1GUAB;L126A;L71A;-3.405
1GUAB;L62A;L7A;-3.46
1GUAB;L78A;L23A;-3.803
1GUAB;L82A;L27A;-3.529
1GUAB;L82I;L27I;-1.6
1GUAB;L82V;L27V;-1.7
1GUAB;L86A;L31A;-3.226
1GUAB;L91A;L36A;-1.575
1GUAB;M76A;M21A;-0.961
1GUAB;N56M;N1M;0.271
1GUAB;N64A;N9A;-1.14
1GUAB;P63A;P8A;-1.708
1GUAB;P93A;P38A;-0.082
1GUAB;Q66A;Q11A;-0.504
1GUAB;R100A;R45A;-0.693
1GUAB;R59A;R4A;0.178
1GUAB;R89L;R34L;1.078
1GUAB;S77A;S22A;-1.573
1GUAB;S77T;S22T;0.581
1GUAB;T68A;T13A;-0.109
1GUAB;V128A;V73A;-3.368
1GUAB;V60A;V5A;-2.251
1GUAB;V69A;V14A;-1.116
1GUAB;V70A;V15A;-1.77
1GUAB;V72A;V17A;-1.052
1GUAB;V72I;V17I;-0.864
1GUAB;V98A;V43A;-1.981
1GWYA;A8D;A8D;-1.6
1H0XA;P18A;P10A;-1.936
1H0XA;P62A;P54A;-2.581
1HCQA;C67A;C67A;-2.09
1HCQA;C67S;C67S;-1.99
1IOJA;G15A;G15A;0.4
1IR3A;W1175F;W195F;0.6
1ITMA;C24T;C25T;-3.3
1ITMA;C3T;C4T;-5
1ITMA;W91S;W92S;1.4
1IV7B;A173C;A73C;0.5
1IV7B;F189C;F89C;-2.5
1IV7B;L162C;L62C;-1.9
1IV9A;S76Y;S76Y;4.299
1J8IA;K25A;K25A;0.1
1J8IA;K66A;K66A;0.1
1J8IA;R23A;R23A;0.8
1J8IA;R35A;R35A;-0.1
1J8IA;R43A;R43A;0.7
1J8IA;R9A;R9A;-0.1
1JL9A;A25C;A20C;-1.44
1JLVA;E64D;E64D;-1.162
1JLVA;E64N;E64N;-2.304
1JLVA;E64Q;E64Q;-2.302
1L6HA;F39A;F39A;-1.697
1L6HA;Y45A;Y45A;-0.55
1L6HA;Y48A;Y48A;-1.482
1LVMA;E106G;E114G;1.4
1LVMA;K45F;K53F;0.43
1LVMA;L56V;L64V;0
1LVMA;Q58F;Q66F;0.6
1LVMA;S135G;S143G;0
1N18A;E100G;E100G;-2.5
1N18A;G85R;G85R;-1.4
1N18A;H46R;H46R;1.4
1N18A;V148I;V148I;0.1
1N88A;F21A;F21A;-1.39
1N88A;I39A;I39A;-1.39
1N88A;I80A;I80A;-2.79
1N88A;I89A;I89A;-2.35
1N88A;I8V;I8V;-1.52
1N88A;L13A;L13A;-1.52
1N88A;L57A;L57A;-1.11
1N88A;V12A;V12A;-1.94
1N88A;V30A;V30A;-2.84
1N88A;V43A;V43A;-2.82
1N88A;V49A;V49A;-2.83
1N88A;V51A;V51A;-3.24
1N88A;V54A;V54A;-3.73
1N88A;V81A;V81A;-2.82
1N88A;V83A;V83A;-3.1
1N88A;Y18A;Y18A;0.06
1N88A;Y26A;Y26A;-4.61
1NM1A;D187N;D176N;-0.88
1NM1A;D187Y;D176Y;-1.9
1O1UA;E110A;E110A;-3.3
1O1UA;N61A;N61A;-1.2
1O1UA;Q51A;Q51A;-0.3
1O1UA;Q99A;Q99A;0.3
1O1UA;T38A;T38A;-1.2
1O1UA;W49Y;W49Y;-1.2
1O6XA;A31G;A31G;-1.2
1O6XA;A50G;A50G;-1.4
1O6XA;D38A;D38A;0.36
1O6XA;E14A;E14A;-0.3
1O6XA;E20G;E20G;-1.42
1O6XA;F39L;F39L;-1.88
1O6XA;F65A;F65A;-0.98
1O6XA;H51A;H51A;-0.61
1O6XA;I15V;I15V;-0.43
1O6XA;I23V;I23V;0.42
1O6XA;I71V;I71V;-1.31
1O6XA;I75A;I75A;-1.31
1O6XA;K41A;K41A;-1.98
1O6XA;L26V;L26V;-0.97
1O6XA;N58A;N58A;-0.08
1O6XA;Q60G;Q60G;-0.49
1O6XA;V12A;V12A;-1.1
1O6XA;V52A;V52A;-1.08
1O6XA;V64G;V64G;-1.1
1O6XA;Y73L;Y73L;-2.78
1OSIA;I11V;I11V;-0.05
1OSIA;S92F;S92F;0.39
1OSIA;V126M;V126M;-2.25
1OSIA;V15I;V15I;-0.78
1PFLA;A20T;A20T;-1.53
1PFLA;G117V;G117V;-1.96
1PFLA;M113T;M113T;-3.53
1PFLA;Q138L;Q138L;1.82
1PFLA;T108M;T108M;0.07
1PREA;C159S;C158S;-2.4
1PRGA;E460K;E254K;-0.17
1PRGA;F360L;F154L;-0.4
1PRGA;P467L;P261L;0.11
1PRGA;Q286P;Q80P;-0.3
1PRGA;R288H;R82H;0.06
1PRGA;R357A;R151A;0.19
1PRGA;V290M;V84M;0.03
1R2YA;R244E;R243E;-4.2
1R6RA;I88N;I68N;-0.13
1R6RA;L50S;L30S;-2.81
1R6RA;L54S;L34S;-0.24
1R6RA;L81N;L61N;-6.84
1SPDA;C111S;C111S;0.8
1SPDA;C6A;C6A;0.1
1X0JA;D160N;D88N;-4.1
1X0JA;D160Y;D88Y;-4.02
1X0JA;D161N;D89N;-2.21
1X0JA;D161Y;D89Y;-3.38
1X0JA;E140K;E68K;-3.48
1X0JA;R100L;R28L;-5.22
1X0JA;Y153H;Y81H;-6.49
1XWSA;E124Q;E92Q;-2.9
1XWSA;E135K;E103K;-4.59
1XWSA;E142D;E110D;-3.22
1XWSA;Y53H;Y21H;-3.3
1XXNA;N181R;N181R;0.358
1XXNA;N32D;N32D;-0.86
1XXNA;N54E;N54E;-0.645
1XXNA;S22E;S22E;0.239
1XXNA;S27E;S27E;-0.645
1XZOA;F42W;F40W;2.87
1XZOA;W101F;W99F;-2.89
1XZOA;W36A;W34A;-8.93
1XZOA;W36F;W34F;-4.25
2ARFA;H1069Q;H38Q;-0.717
2BJDA;V84D;V73D;-4.493
2BJDA;V84P;V73P;-4.517
2BJDA;Y86E;Y75E;-2.103
2C9QA;Y79F;Y79F;-0.012
2C9QA;Y79W;Y79W;-1.233
2CLRB;H13F;H14F;0.12
2CLRB;H31F;H32F;2.605
2CLRB;H51F;H52F;-1.912
2CLRB;H84A;H85A;-2.629
2DVVA;Q443H;Q100H;0.89
2DVVA;R419W;R76W;-0.02
2H3FA;E12A;E11A;1.07
2HBBA;A22G;A22G;-0.32
2HBBA;A26G;A26G;-1.79
2HBBA;A36G;A36G;-1.55
2HBBA;A39G;A39G;-1.59
2HBBA;A42G;A42G;-0.33
2HBBA;A46G;A46G;-0.55
2HBBA;A49G;A49G;-0.22
2HBBA;D23A;D23A;-0.03
2HBBA;D23N;D23N;-0.79
2HBBA;D8A;D8A;-1.3
2HBBA;D8N;D8N;-0.38
2HBBA;E17A;E17A;-1.69
2HBBA;E17Q;E17Q;-0.33
2HBBA;E38A;E38A;-0.41
2HBBA;E38Q;E38Q;-0.68
2HBBA;E48Q;E48Q;0.07
2HBBA;F31A;F31A;-2.84
2HBBA;F5L;F5L;-1.15
2HBBA;G24A;G24A;0.02
2HBBA;G34A;G34A;-1.02
2HBBA;I18A;I18A;-2.05
2HBBA;I18V;I18V;-0.07
2HBBA;I37A;I37A;-1.28
2HBBA;I37V;I37V;0.09
2HBBA;I4V;I4V;-0.59
2HBBA;K10E;K10E;0.13
2HBBA;K10M;K10M;0.47
2HBBA;K12A;K12A;0.61
2HBBA;K12G;K12G;0.03
2HBBA;K12M;K12M;1.8
2HBBA;K14A;K14A;-0.73
2HBBA;K14G;K14G;-1.3
2HBBA;K14M;K14M;-0.34
2HBBA;K15G;K15G;-1.74
2HBBA;K15M;K15M;-0.44
2HBBA;K7M;K7M;0.21
2HBBA;L30A;L30A;-2.76
2HBBA;L35A;L35A;-1.21
2HBBA;L44A;L44A;-1.73
2HBBA;L47A;L47A;-0.84
2HBBA;L6A;L6A;-3.1
2HBBA;M1A;M1A;-1.46
2HBBA;T40S;T40S;-0.8
2HBBA;V21A;V21A;-2.33
2HBBA;V3A;V3A;-2.55
2HBBA;V9A;V9A;-1.81
2JIEA;C170A;C167A;2.997
2JIEA;C170Q;C167Q;2.581
2JIEA;E157D;E154D;-2.075
2JIEA;E167A;E164A;4.247
2JIEA;E225A;E222A;-4.36
2JIEA;E225H;E222H;-1.515
2JIEA;E409A;E406A;0.825
2JIEA;E409D;E406D;-0.909
2JIEA;E426S;E423S;0.87
2JIEA;F418A;F415A;-0.165
2JIEA;H104R;H101R;1.536
2JIEA;I247E;I244E;1.241
2JIEA;I247N;I244N;0.974
2JIEA;L174A;L171A;-0.79
2JIEA;L174R;L171R;0.336
2JIEA;M224A;M221A;-4.098
2JIEA;M326A;M323A;-1.298
2JIEA;N166A;N163A;-3.397
2JIEA;N166C;N163C;-2.964
2JIEA;N223A;N220A;-0.671
2JIEA;N223G;N220G;3.462
2JIEA;N223H;N220H;2.583
2JIEA;N223R;N220R;3.976
2JIEA;N223Y;N220Y;5.73
2JIEA;N296A;N293A;-2.25
2JIEA;N296C;N293C;-0.017
2JIEA;N407A;N404A;0.464
2JIEA;N407C;N404C;0.143
2JIEA;Q22S;Q19S;-0.209
2JIEA;R243A;R240A;-0.166
2JIEA;R243D;R240D;0.213
2JIEA;R243K;R240K;-1.463
2JIEA;S17A;S14A;-1.246
2JIEA;S19A;S16A;0.951
2JIEA;S334A;S331A;-1.454
2JIEA;S403A;S400A;0.92
2JIEA;T18A;T15A;-0.994
2JIEA;T221A;T218A;3.189
2JIEA;T355A;T352A;-2.961
2JIEA;W123F;W120F;2.19
2JIEA;W123H;W120H;1.06
2JIEA;W328A;W325A;-1.159
2JIEA;W328C;W325C;-2.664
2JIEA;W328H;W325H;-2.573
2JIEA;W328R;W325R;-0.95
2JIEA;W402C;W399C;-0.36
2JIEA;W402R;W399R;2.615
2JIEA;W412Y;W409Y;0.599
2JIEA;Y21A;Y18A;-3.443
2JIEA;Y297A;Y294A;1.072
2JIEA;Y297F;Y294F;-1.853
2JUCA;C57D;C53D;-2.54
2JUCA;C57S;C53S;-0.71
2JUCA;R18A;R14A;-1.75
2KJ3A;D288A;D72A;1.2
2KJ3A;E272A;E56A;1.9
2KJ3A;G278A;G62A;-0.8
2KJ3A;K229A;K13A;1.5
2KJ3A;L241A;L25A;1
2KJ3A;S273A;S57A;1.4
2KJ3A;V239A;V23A;1
2KJ3A;V264A;V48A;1
2KJ3A;V267A;V51A;0.2
2KS4A;D9A;D9A;-1.26
2KS4A;E2A;E2A;0.23
2LTBA;L558P;L59P;-1.57
2LTBA;L569R;L70R;-3.11
2LTBA;M619K;M120K;-3.34
2LTBA;R533Q;R34Q;-1.1
2LTBA;R555Q;R56Q;-0.36
2LTBA;R555W;R56W;1.79
2M5SA;D302A;D81A;-4
2M5SA;H305A;H84A;-2
2MPCA;A89T;A86T;-0.24
2MPCA;R42A;R39A;0.62
2MPCA;R42W;R39W;2.08
2N7ZA;P88A;P88A;-0.6
2NTEA;I738V;I171V;-2
2NTEA;R658C;R91C;-2.3
2OUOA;A420D;A72D;0.44
2PR5A;A33Y;A13Y;0.5
2PR5A;A81M;A61M;-0.4
2PR5A;D109E;D89E;0.3
2PR5A;H22K;H2K;0.3
2PR5A;H22W;H2W;1.2
2PR5A;M111F;M91F;2.9
2PR5A;N107F;N87F;0.9
2PR5A;N107Y;N87Y;0.8
2PR5A;N124F;N104F;1.1
2PR5A;N124Y;N104Y;2.6
2PR5A;T30M;T10M;0.5
2PR5A;T50M;T30M;-0.5
2PR5A;T54Y;T34Y;0.2
2PR5A;V120I;V100I;1.4
2PR5A;V25I;V5I;0.4
2PR5A;V88L;V68L;-0.2
2PR5A;V90I;V70I;-0.7
2PTLA;A22G;A22G;-2.43
2PTLA;A27P;A27P;0.1
2PTLA;A27V;A27V;-0.83
2PTLA;A34G;A34G;-2.17
2PTLA;A34V;A34V;1.47
2PTLA;A43G;A43G;-2.54
2PTLA;A47G;A47G;-3.1
2PTLA;A49G;A49G;-1.32
2PTLA;A51G;A51G;-3.12
2PTLA;A66G;A66G;-0.49
2PTLA;D52A;D52A;-1.21
2PTLA;D52G;D52G;-2.14
2PTLA;D64A;D64A;-0.2
2PTLA;E35A;E35A;-0.59
2PTLA;E46G;E46G;-1.19
2PTLA;E46I;E46I;-1.08
2PTLA;E60A;E60A;-0.23
2PTLA;F26A;F26A;-3.12
2PTLA;F26L;F26L;-0.68
2PTLA;F36A;F36A;-4.15
2PTLA;F36L;F36L;-3.12
2PTLA;F40G;F40G;-3.08
2PTLA;F40L;F40L;-0.38
2PTLA;F76L;F76L;-3.34
2PTLA;F76V;F76V;-3.73
2PTLA;G29A;G29A;-1.52
2PTLA;G29V;G29V;-2.53
2PTLA;G38A;G38A;-2.08
2PTLA;G59A;G59A;-2.23
2PTLA;G69A;G69A;-2.04
2PTLA;I20A;I20A;-4.9
2PTLA;I20V;I20V;-0.56
2PTLA;I25A;I25A;-1.37
2PTLA;I25V;I25V;-0.47
2PTLA;I74A;I74A;-4.72
2PTLA;I74V;I74V;-1.69
2PTLA;K21A;K21A;-0.92
2PTLA;K37A;K37A;-0.88
2PTLA;K42G;K42G;0.16
2PTLA;K55A;K55A;0.58
2PTLA;K56A;K56A;0.35
2PTLA;K68A;K68A;-0.09
2PTLA;K75A;K75A;-0.45
2PTLA;L24A;L24A;-3.12
2PTLA;L54A;L54A;-2.44
2PTLA;L72A;L72A;-3.77
2PTLA;N23A;N23A;-1.87
2PTLA;N28A;N28A;-1.78
2PTLA;N58A;N58A;-0.34
2PTLA;N73A;N73A;-1.73
2PTLA;S30A;S30A;-0.3
2PTLA;S45A;S45A;0.41
2PTLA;S45G;S45G;-0.82
2PTLA;T19A;T19A;-1.63
2PTLA;T31A;T31A;-1.17
2PTLA;T33A;T33A;-1.11
2PTLA;T39A;T39A;-1.25
2PTLA;T44A;T44A;-1.09
2PTLA;T53G;T53G;-0.17
2PTLA;T62A;T62A;-0.97
2PTLA;T71A;T71A;-1.83
2PTLA;V18A;V18A;-1.22
2PTLA;V63A;V63A;-0.92
2PTLA;V65A;V65A;-1.14
2PTLA;Y48A;Y48A;-2.82
2PTLA;Y50A;Y50A;-2.46
2PTLA;Y70A;Y70A;-1.66
2PTLA;Y70L;Y70L;0.43
2RPNA;E7L;E7L;1.05
2RPNA;V21K;V21K;0.39
2VY0A;D287A;D254A;-5.975
2VY0A;E53A;E20A;-6.597
2WQGA;D15A;D15A;0.3
2WQGA;D38A;D38A;0.1
2WQGA;D39A;D39A;-2.2
2WQGA;D39N;D39N;-2.6
2WQGA;E40Q;E40Q;-0.1
2WQGA;E41G;E41G;-0.4
2WQGA;I36A;I36A;-0.9
2WQGA;I36V;I36V;-0.3
2WQGA;K14A;K14A;-0.4
2WQGA;K14G;K14G;-1.9
2WQGA;K19A;K19A;-0.3
2WQGA;K28A;K28A;-0.6
2WQGA;L13A;L13A;-0.5
2WQGA;L16A;L16A;-1.3
2WQGA;L8A;L8A;-2
2WQGA;Q12A;Q12A;-0.6
2WQGA;Q12G;Q12G;-2
2WQGA;Q33A;Q33A;0.1
2WQGA;R34A;R34A;-0.8
2WQGA;S23A;S23A;-0.6
2WQGA;S6A;S6A;0.1
2WQGA;S6G;S6G;-0.2
2WQGA;T9S;T9S;0.1
2WQGA;V10A;V10A;-0.1
2WQGA;V10G;V10G;-0.7
2WQGA;V11A;V11A;0.4
2WQGA;V11G;V11G;0.1
2WQGA;V24A;V24A;-0.5
2WQGA;Y5F;Y5F;-2.4
2ZTAA;E11Q;E11Q;-0.74
2ZTAA;E20Q;E20Q;0.2
2ZTAA;E22Q;E22Q;-1.83
2ZTAA;K15A;K15A;-0.41
2ZTAA;K27A;K27A;-0.91
2ZTAA;K28A;K28A;-0.06
2ZTAA;K8A;K8A;-0.39
2ZTAA;R25A;R25A;-1.66
3BCIA;E96Q;E83Q;1.369
3BCIA;T153V;T140V;-1.137
3BN0A;I20V;I19V;-1.506
3C2IA;D156E;D66E;-0.88
3C2IA;F155S;F65S;-0.43
3C2IA;L100V;L10V;-1.11
3C2IA;P152R;P62R;-1.46
3C2IA;R106Q;R16Q;-0.12
3C2IA;R106W;R16W;-0.04
3C2IA;R111G;R21G;0.43
3C2IA;R133C;R43C;-0.37
3C2IA;R133H;R43H;-0.24
3C2IA;S134C;S44C;-1.05
3C2IA;T158A;T68A;-0.47
3C2IA;T158M;T68M;-0.25
3D2AA;M134E;M132E;3.02
3D2AA;M137P;M135P;3.34
3D2AA;S163P;S161P;2.11
3D3BA;D118A;D118A;-0.65
3D3BA;D118E;D118E;-0.6
3D3BA;D118K;D118K;-1.6
3D3BA;D118N;D118N;-1.34
3D3BA;D118R;D118R;-1.41
3DV0I;A131G;A5G;-1.7
3DV0I;A139G;A13G;-2.3
3DV0I;A165G;A39G;-0.9
3DV0I;A168G;A42G;-0.3
3DV0I;D145A;D19A;-2.1
3DV0I;D145N;D19N;-0.9
3DV0I;D162N;D36N;-2
3DV0I;D164A;D38A;-2.3
3DV0I;D164G;D38G;-3.7
3DV0I;D164N;D38N;-1.9
3DV0I;E141A;E15A;-0.7
3DV0I;E141Q;E15Q;-0.4
3DV0I;I130A;I4A;-0.7
3DV0I;I130G;I4G;-1.4
3DV0I;I130V;I4V;-0.2
3DV0I;I146A;I20A;-2.7
3DV0I;I146V;I20V;-1.2
3DV0I;I163V;I37V;-0.5
3DV0I;L159A;L33A;-2
3DV0I;L159G;L33G;-1.9
3DV0I;L159V;L33V;-0.6
3DV0I;L167A;L41A;-1.2
3DV0I;L167V;L41V;-0.2
3DV0I;V129A;V3A;-0.7
3DV0I;V129G;V3G;-1
3DV0I;V135A;V9A;-1.5
3DV0I;V144A;V18A;-2
3DV0I;V149A;V23A;-2.8
3DV0I;V149G;V23G;-4.1
3DV0I;V158A;V32A;-3.2
3DV0I;Y138F;Y12F;-2
3ECUA;H46R;H46R;0.8
3FISA;P61A;P36A;-0.5
3G1GA;D155Y;D5Y;0.34
3G1GA;F167Y;F17Y;-0.74
3G1GA;I190V;I40V;-0.17
3G1GA;R185W;R35W;1.32
3K82A;E334L;E29L;-3.35
3K82A;E334Q;E29Q;-1.68
3K82A;E401R;E96R;5.49
3L15B;Y442H;Y200H;-3.23
3MONB;R39G;R39G;1.194
3MONB;W3C;W3C;-2.866
3O39A;F115I;F87I;-1.81
3O39A;F115L;F87L;-1.64
3O39A;H96L;H68L;-0.58
3O39A;L32P;L4P;-3.25
3O39A;Q100L;Q72L;-2
3O39A;Q49L;Q21L;-0.05
3S4MA;D122Y;D34Y;-1.3
3S4MA;G130V;G42V;-2.5
3S4MA;I154F;I66F;0.096
3S4MA;W155R;W67R;-0.693
3S92A;H395R;H89R;2.03
4BJXA;A89V;A48V;0.99
4BUQA;Y137A;Y137A;0.89
4BUQA;Y48A;Y48A;-1.435
4HE7A;A19D;A19D;-0.24
4HE7A;A19G;A19G;0.06
4HE7A;A19K;A19K;-0.46
4N6V0;H75W;H68W;0.574
4N6V0;P36G;P29G;-1.362
4N6V0;P79S;P72S;1.745
4WAAA;K65A;K57A;0.1
4WAAA;K67A;K59A;-2.07
4WAAA;R27A;R19A;-0.44
4YEEA;V134T;V60T;-0.71
4YEFA;T134V;T58V;-0.93
5JXBA;D329G;D25G;-1.44
5JXBA;D329P;D25P;-1.44
5OAQA;Y429H;Y199H;-2.99
5VP3A;R39K;R39K;0.413
5VP3A;S128G;S128G;-0.378
5VP3A;V183T;V183T;0.354
